{"cameraMode":{"drawMode":0,"name":"Shaded","section":"Shading Mode"},"sceneLighting":true,"audioPlay":false,"sceneViewState":{"showFog":true,"showMaterialUpdate":false,"showSkybox":true,"showFlares":true,"showImageEffects":true,"showParticleSystems":true},"in2DMode":false,"pivot":{"x":-0.21178770065307618,"y":1.3849984407424927,"z":5.832252502441406},"rotation":{"x":-0.06197439134120941,"y":0.8464110493659973,"z":-0.10103757679462433,"w":-0.519171416759491},"size":7.588130474090576,"orthographic":false}