{"cameraMode":{"drawMode":0,"name":"Shaded","section":"Shading Mode"},"sceneLighting":true,"audioPlay":false,"sceneViewState":{"showFog":true,"showMaterialUpdate":false,"showSkybox":true,"showFlares":true,"showImageEffects":true,"showParticleSystems":true},"in2DMode":false,"pivot":{"x":11.185277938842774,"y":2.374188184738159,"z":3.776191473007202},"rotation":{"x":-0.05701889097690582,"y":0.8488414883613586,"z":-0.09358736872673035,"w":-0.5171637535095215},"size":5.552003860473633,"orthographic":false}