{"cameraMode":{"drawMode":0,"name":"Shaded","section":"Shading Mode"},"sceneLighting":true,"audioPlay":false,"sceneViewState":{"showFog":true,"showMaterialUpdate":false,"showSkybox":true,"showFlares":true,"showImageEffects":true,"showParticleSystems":true},"in2DMode":false,"pivot":{"x":1.9379608631134034,"y":2.214581251144409,"z":1.6463305950164796},"rotation":{"x":-0.05701889097690582,"y":0.8488414883613586,"z":-0.09358736872673035,"w":-0.5171637535095215},"size":7.562873840332031,"orthographic":false}